Ad Date,Ad Title,Ad Type,Age Specified,County,Gender Specified,Image No,Count,URL_ERROR,FULL TEXT,Notes,Press Date,Sale Date,Sale Disposition,Sale Location County,Sale Location Locale,Sale Location State,Skills Specified,First Name,Last Name,Source,Source Page,Subscriber County,Subscriber Firstname,Subscriber Lastname,Subscriber Locale,Subscriber State
,Wanted to hire,buy,,,male,http://msa.maryland.gov/megafile/msa/speccol/sc5400/sc5496/domestic_traffic_ads/pdf/18351028acda56.pdf,1,,"WANTED TO HIRE—by the year—A Slave
colored BOY, who has been accustomed to
writing—for one that will suit liberal wages will bo
given. Apply at this office. 
oc 28 eo4t?",page 3 2nd column,18351028,,private_dealer,,,MD,waiting,,,American Commercial and Daily Advertiser,,,,,,MD
,Valuable Servants for sale,sell,25,,male,http://msa.maryland.gov/megafile/msa/speccol/sc5400/sc5496/domestic_traffic_ads/pdf/18350101acda01.pdf,2,,"VALUABLE SERVANTS For SALE
A young man about 25 years of age, that is an
excellent carnage driver and groom, also a .good waiter, honest and sober. His wife, a stout, healthy young
woman, about 18 years of age, a good washer and ironer, and chamber maid. and their infant child. These
Servants are not sold for any fault, and not to go out
of the State. The cause of this valuable family of
Servants being sold, will be communicated to any one;
it relates to situation and not to the servants. Enquire
at the office. A preference will be given if sold together. 
de 8 d",p. 4 -- 2nd column bottom,18350101,,private_dealer,,,MD,Carriage Driver and Groom,,,American Commercial and Daily Advertiser,,,,,,MD
18241225,Sheriff's Sale.,Sale,,Dorchester,Two negro children,http://msa.maryland.gov/megafile/msa/speccol/sc5400/sc5496/domestic_traffic_ads/pdf/18250101cc1.pdf,4,ERROR (4 occurences),,Sale to take place at residence of Thomas Stanton. Lawsuit against Stanton to satisfy debt and cost.,18241225,18250202,public_dealer,Dorchester,North West Fork,Maryland,,,,Cambridge Chronicle,1,DO,Thos. H.,"Hicks, Shff.",,Maryland
18251015,Public Sale.,Sale,,Dorchester,Female,http://msa.maryland.gov/megafile/msa/speccol/sc5400/sc5496/domestic_traffic_ads/pdf/18251022cc&esa4.pdf,8,ERROR (8 occurrences),,"Sale consisted of part of Roger Hooper's negroes. Total of 8 negroes. John Newton provided ad and was Administrator for Roger Hooper, deceased. Ad repeated 2 times.",18251015,18251025,public_dealer,Dorchester,Tavern of Charles Lecompte,Maryland,,Rachael,,Cambridge Chronicle & Eastern Shore Advertiser,3,DO,Roger,Hooper,,Maryland
18260506,Sheriff's Sale.,Sale,,Dorchester,Female,http://msa.maryland.gov/megafile/msa/speccol/sc5400/sc5496/domestic_traffic_ads/pdf/18260527cc4c.pdf,5,ERROR (5 occurrences),,"Lawsuit issued by Daniel Martin. Seized and taken from Thomas Jones, of Thomas. Sale to take place between 10 a.m. and 4 p.m.",18260506,18260527,public_dealer,Dorchester,Tobacco Stick,Maryland,,Mary,,Cambridge Chronicle,4,DO,Caleb,Griffin,,Maryland
18280719,Public Sale,Sale,,Queen Anne's,Female,http://msa.maryland.gov/megafile/msa/speccol/sc5400/sc5496/domestic_traffic_ads/pdf/18280726ctpa4.pdf,3,,"Public Sale.
BY virtue of seven Writs of Fieri
Facias, to me directed, four at the suit
of William Harper, jr, one at the suit
of Robert Bishop, use of William Harper, jr. one other at the suit or Stevens
& Jenkins; and one other at the suit of
Edward H. Coursey, against Peter
Foster, will be sold at Mr. Bread’s
tavern in Centreville, on
Tuesday the 12th of August next,
between the hours of 10 o’clock, A. M.
& 5 P. M. the following property, to wit:
One negrO Woman,
named Lucy, One Negro Boy, named
Harry, and one other Negro Boy, named
John.
One bay Horse,
and one Grey ditto,
Seized and taken as the
property of Peter Foster, and will be
sold to satisfy the above mentioned
Writs, Debts, Interest, and Costs, due
and to beceme due thereon
EDW. CLARK, Constable.
July 19th, 4w",Slaves were seized as the property of Peter Foster,18280726,18280812,public_dealer,Queen Anne's County,Mr. Bread's tavern in Centreville,Maryland,,Lucy,,Centreville Times and Eastern-Shore Public Advertiser,1,QA,Edw.,Clark,,Maryland
18290919,Sale,Sale,,Queen Anne's,Male,http://msa.maryland.gov/megafile/msa/speccol/sc5400/sc5496/domestic_traffic_ads/pdf/18290919ctpa2.pdf,2,,"Sale.
BY Virtue of a writ of Vendi. Exps.
Issued out of Ann's County court
to me directed, at the suit of Benjamin
W. Earickson executor of John Earickson, use of Daniel Newnam against
Robert Stevens, and wife formerly Ann
Betton, will be sold on
Saturday 10th day of
October next,
At the Court House door in Centreville, Between the hours of 10 and 5
o'clock of that day. the following property to Wit:
3 Negro Boys, Harry
PHILL & BILL.
Seized and taken as the property of
said Stevens and will be sold tor cash.
to satisfy the above mentioned writ,
debt, interest and cost, due and to become due, thereon.
Thos. Ashcom,
Sheriff
Sept. 19th 4t",Seized and taken as the property of Robert Stevens and wife formerly Ann Betton,18290919,18291010,public_dealer,Queen Anne's County,At the court house door in Centreville,Maryland,,Phill,,Centreville Times and Eastern-Shore Public Advertiser,3,QA,Thos.,Ashcom,,Maryland
18300529,Cash for Negroes,Purchase,12 to 25,Queen Anne's,both sexes,http://msa.maryland.gov/megafile/msa/speccol/sc5400/sc5496/domestic_traffic_ads/pdf/18301113ctpa4.pdf,,,"Cash for Negroes
The Subscriber, agent for Austin Woolfolk,
WISHES TO PURCHASE
100 NEGROES;
of both sexes, from the age of
twelve to twenty five;
For whom the highest prices, in cash,
will be given. Any person wishing to
sell, will please call at the Easton Hotel. 
SAML. REYNOLDS
May 29",the subscriber is an agent for Austin Woolfolk,18301113,,private_dealer,,,,,100 Negroes,,Centreville Times and Eastern-Shore Public Advertiser,4,,Saml.,Reynolds,Easton hotel,Maryland
18310105,For Sale,sell,19 - 30,,male,http://msa.maryland.gov/megafile/msa/speccol/sc5400/sc5496/domestic_traffic_ads/pdf/18310106acda2.pdf,,,"FOR SALE—A Stout healthy NEGRO MAN,
aged 24 years; he has been brought up on a farm,
and accustomed to wagoning. Inquire at this office.
ja 5 4t",,18310106,,private_dealer,,,MD,field hands,,,American and Commercial Daily Advertiser,,,,,,MD
18310531,Sheriff's Sale.,Sale,13,Caroline,Male,http://msa.maryland.gov/megafile/msa/speccol/sc5400/sc5496/domestic_traffic_ads/pdf/18310531cai5b.pdf,,ERROR,,Estate sale of James Saterfield to pay his debts. Ad repeats for 3 weeks.,18310531,18310623,public_dealer,Caroline,Collin's X Roads,Maryland,,Daniel,,Caroline Intelligencer,3,CA,Thos. S.,"Carter, Late Sheriff",,Maryland
18310903,Sheriff's Sale,Sale,,Queen Anne's,Male,http://msa.maryland.gov/megafile/msa/speccol/sc5400/sc5496/domestic_traffic_ads/pdf/18310903ctpa1.pdf,,,"Sheriff sale.
BY Virtue of a Writ Fieri Facias
issued out of Queen Ann's County court
to me directed, at the suit of Aquilla
Fogwell. use of Benjamin Seegar, use
of John Fogwell, again John Hollingsworth, will be sold at Centreville, on
Saturday 24th Sept.
Inst. between the hours of 10 and 5
o’clock of that day, the following property, to wit:
Negro Man Ben,
& Jacob & Girl Hester.
Taken and seized as the property of
said Hollingworth. and will be sold at
the Court house door for cash.
TH. ASCHOM, sheriff
sept 3",Taken and seized as the property of John Hollingsworth,18310903,18310924,public_dealer,Queen Anne's County,Centreville,Maryland,,Jacob,,Centreville Times and Eastern-Shore Public Advertiser,3,QA,Th.,Ashcom,,Maryland
18320207,For Sale,Sale,27,Baltimore,M,http://msa.maryland.gov/megafile/msa/speccol/sc5400/sc5496/domestic_traffic_ads/pdf/18320207acda.pdf,,,"FOR SALE—A black girl 14 years of age, to serve till she is 35; also a black girl 13 years of
age, to serve till she is 35; also a mulatto girl 15 years
of age, to serve 9 years; also a black girl 12 years of
age, to serve till she is 25; also a black man 27
years of age, a slave for life; he is a first rate farm
hand, an excellent gardener and a first rate manager
among horses. The whole of the above slaves can
come well recommended. For further particulars apply at LEWIS F. SCOTTI’S office.
Wanted a young man about 18 years of age, who
has some knowledge of the dry goods business. Apply as above
NOTICE TO INSOLVENT DEBTORS—Applicants for the benefit of the Insolvent Laws of Maryland, can have their papers correctly prepared and on
reasonable terms by calling at this office.
Wanted, Porters, Waiters, Ostlers, Coachmen, Labourers, Clerks, Bar-keepers, &c.
Families may rely upon getting good servants at
this office. Lost children kept at this office until called for. For further information apply at LEWIS F.
LEWIS F. SCOTTI’S Intelligence Agency and
Collectors Office, No. 2 West Fayette street, basement story of Barnum’s City Hotel
fe 7",,18320207,,Private,,,,"farm hand, gardener, manager",,,acda,,BA,Lewis F.,Scotti,BC,MD
18320404,Wanted,Buy,woman,Baltimore City,F,http://msa.maryland.gov/megafile/msa/speccol/sc5400/sc5496/domestic_traffic_ads/pdf/18320404acda2.pdf,,,"WANTED to purchase immediately, two likely
negro Men, three likely negro Boys and I we
likely negro Women, either for life or a term of years.
For such slaves the highest price will be given, if applied for at Lewis F. Scotti’s Intelligence Agency and
Collectors  Office, No. 2 west Fayette street, basement
story of Barnum's City Hotel.
ap 4",,18320404,,,,,,,,,American and Commercial Daily Advertiser,,BC,Lewis F.,Scotti,No. 2 Fayette St.,MD
18320811,Notice,Sale,15,Baltimore City,F,http://msa.maryland.gov/megafile/msa/speccol/sc5400/sc5496/domestic_traffic_ads/pdf/18320811acda.pdf,,,"NOTICE—Procrastination is the thief of time.
Delay not—Situations open for Men, Women
and Children—both rich and smart, one and all—give
L. F. Scotti a call.
For Sale—A very likely black girl, 15 years of age,
to serve 16 years. She is strong and healthy and
sold for no fault. She is a good cook and washer and
ironer, and can come highly recommended. The present owner is about leaving the city, is the reason he
wishes to dispose of her. To a good master she will
be sold low.
Let us encourage Industry—Wanted daily at this
office, porters, waiters, ostlers, coachmen, laborers,
clerks, barkeepers, fancy store clerks and agents,
chambermaids, wet and dry nurses, &c.
INTELLIGENCE OFFICE--Connected with
our establishment, we have an intelligence Office,
and can immediately upon application, furnish situations for men, women and children, of every trade or
branch of business.
NOTICE TO INSOLVENT DEBTORS—Applicants for the benefit of the Insolvent laws of Maryland, can have their papers correctly prepared and on
reasonable terms by calling at LEWIS F. SCOTTI’S General Intelligence, Agency and Collectors
Office, No. 2 West Fayette street, basement story
of Barnum’s City Hotel, and nearly opposite the
Battle Monument.
au 11",,18320811,,Private,,,,"cook, wash, iron",,,American and Commercial Daily Advertiser,,BC,Lewis F.,Scotti,No. 2 Fayette St.,MD
18330216,Sheriff's Sale,Sale,,Queen Anne's,Female,http://msa.maryland.gov/megafile/msa/speccol/sc5400/sc5496/domestic_traffic_ads/pdf/18330223ctpa1.pdf,,,"Sheriff's Sale.
By virtue of a writ of Fieri facias,
issued out of Queen Ann’s County
Court, and to me directed at the suit
of Ann Gilder against William H. Cain
and Deborah his wife will be sold in
front of the court house door in Centreville on
Saturday March 9th
next, between the hours of 10 o’clock
A. M. and 5 P. M. of that day the following property to wit:
One negro boy named
Ned—a negro girl
named Anmaria:
Taken as the property of Wm. H.
Cain and Deborah his wife and will
be sold to satisfy the above writ, debt,
interest and cost due and to become
due thereon. THO. ASHCOM,
Sheriff
Feb. 16th 1833",Taken as the property of Wm. H. Cain and Deborah his wife,18330223,18330309,public_dealer,Queen Anne's County,In front of the courthouse door in Centreville,Maryland,,Anmaria,,Centreville Times and Eastern-Shore Public Advertiser,3,QA,Tho.,Ashcom,,Maryland
18340312,A servant man for sale,Sell,20,,m,http://msa.maryland.gov/megafile/msa/speccol/sc5400/sc5496/domestic_traffic_ads/pdf/18340312baca1.pdf,,,"A SERVANT MAN FOR SALE-A mulatto servant man about 20 years of age, slave for
life. He is an excellent COACHMAN and OSTLER
and first rate rider, as well as a good waiter and body
servant, and can be highly recommended for his honesty,
sobriety, and good disposition. Any gentleman wanting such a servant for his own use, has an opportunity,
which does not often occur, of procuring a valuable fellow. He will not be sold to a trader in slaves. Enquire at this office. 
4t mh 12","""slave for life""; ""will not be sold to any trader in slaves""",18340312,,Private,,,,"Coachman, ostler",,,Baltimore American and Commercial Advertiser,3,,,,,
18340722,For Sale,Sell,19,,f,http://msa.maryland.gov/megafile/msa/speccol/sc5400/sc5496/domestic_traffic_ads/pdf/18340722baca1.pdf,,,"FOR SALE—for life, a healthy Colored GIRL about 19 years of age. She is acquainted with
house work generally, perfectly sober, honest and of
mild temper. Apply at this office. 
jy 22 4t","""for life""",18340722,,Private,,,,housework,,,Baltimore American and Commercial Advertiser,3,,,,,
18341004,Sheriff's Sale,Sale,Man,Dorchester,Male,http://msa.maryland.gov/megafile/msa/speccol/sc5400/sc5496/domestic_traffic_ads/pdf/18341004cac5.pdf,,,"SHERIFF’S SALE.
BY virtue of three writs of fierj facias, is-
sued out of Dorchester County Court,
and to me directed, one at the suit of Thomas Breerwood, one at the suit of Elizabeth
Wingate, and one at the suit of Henry Page,
use of William P. Craig, against George
Hart, as security for Robert Hart, I will offer
at public sale, on Saturday the 25th instant,
between 10 and 4 o’clock, at Griffin & Robinson's store, Straits Hundred, the following property, to wit: one bay mare, one sorrel horse; one gig and harness; two yoke of
oxen; and one negro man Henry—taken in
execution and will be sold to satisfy the above
writ of fieri facias and costs due and to become due, and officers’ fees for 1834. Attendance given by
JOHN G. BELL, Sheriff
Oct 4 3w",Public sale of George Hart's negro man. Ad to run 3 weeks.,18341004,18341025,public_dealer,Dorchester County,Griffin & Robinson's Store,Maryland,,Henry,,Cambridge Chronicle,3,DO,John G.,Bell,,Maryland
18341210,For Sale,Sell,18,,f,http://msa.maryland.gov/megafile/msa/speccol/sc5400/sc5496/domestic_traffic_ads/pdf/18341210baca1.pdf,,,"FOR SALE—A likely negro GIRL, about 18
years of age, a slave for life— to suit the purchaser she would be sold for a term of years. Enquire of
the Printers.	
de 10 4t*","""slave for life""; ""would be sold for a term of years""",18341210,,Private,,,,,,,Baltimore American and Commercial Advertiser,3,,,,,
18351204,ValuableReal Estate and Personal,sell,,Anne Arundel,,http://msa.maryland.gov/megafile/msa/speccol/sc5400/sc5496/domestic_traffic_ads/pdf/18360105acda1.pdf,,,"FOR SALE—A young healthy NEGRO WOMAN, with or without two small children, she
has been raised on a farm, is accustomed to cooking,
washing and ironing, and understands housework generally, a good master in the country will be preferred,
as they are not to be sold out of the state. Apply at
this office.	
ja 4 d4t*",Estate of Dr. Hyde,18360105,,estate_sale,AA,Sherwood Forrest,MD,,,,American and Commercial Daily Advertiser,,BC,Nevette,Steele,Fayette St.,MD
18360905,Sheriff's Sale,Sale,,Dorchester,female,http://msa.maryland.gov/megafile/msa/speccol/sc5400/sc5496/domestic_traffic_ads/pdf/18360905da1.pdf,,,"SHERIFF’S SALE.
BY Virtue of two writs of fieri facias issued
by Luke Mozick Esk, and to the sheriff directed at the suit and on behalf of Thomas Smoot, against Josiah B. Turpin. I will
offer for sale on Tuesday the 27th day of September next, at Crotchers Ferry, all the said
Turpin's right to the following properly.
One Negro woman called Rachel and her
child, and one Girl called Nancy, the above
property taken into Execution and will be
sold to satisfy said fi fa and cost due and to
become due.
WM. H. AKERS, Dep’t. Sheriff.
September 5th 1836.","Sold with child, on behalf of Thomas Smoot against Josiah B. Turpin",18360905,18360927,public_dealer,Dorchester County,Crotchers Ferry,Maryland,,Rachel,,Dorchester Aurora,3,DO,Wm. H.,Akers,,Maryland
18370923,Servants wanted,buy,,,male,http://msa.maryland.gov/megafile/msa/speccol/sc5400/sc5496/domestic_traffic_ads/pdf/18370923acda35.pdf,,,"A YOUNG MAN WANTED, one who can
bring respectable recommendations, for correct
moral character, and who is acquainted with Bookkeeping, may obtain a comfortable situation by addressing A. through the Post Office. 
se 23 d4t",,18370923,,private_dealer,,,MD,,,,American Commercial and Daily Advertiser,,,,,,MD
18371228,Wanted,buy,,,female,http://msa.maryland.gov/megafile/msa/speccol/sc5400/sc5496/domestic_traffic_ads/pdf/18371227acda48.pdf,,,"WANTED--A Coloured GIRL, accustomed to house work, and waiting on the table, good references are required. Apply in Franklin street, four doors west of Charles street.
de 28 d4t*",page 3 -- 2nd column -- below half,18371227,,private_dealer,,,MD,house work and waiting tables,,,American Commercial and Daily Advertiser,,,,,Franklin Street,MD
18380726,For Sale,sell,,,male,http://msa.maryland.gov/megafile/msa/speccol/sc5400/sc5496/domestic_traffic_ads/pdf/18380726acda1.pdf,,,"FOR SALE-A NEGRO MAN, his WIFE and
THREE CHILDREN, the oldest, a female, about
15 years of age. It is wished to sell in the State of
Maryland, and all together. The man and woman
have been accustomed to field work on tobacco plantations. Enquire at the office of the American.
jy 26 d",Three children also included; Owner wants to keep the family together but will sell out of state,18380726,,private_dealer,,,MD,,,,American and Commercial Daily Advertiser,,,,,,MD
18390125,Boys Wanted,buy,,Baltimore City,male,http://msa.maryland.gov/megafile/msa/speccol/sc5400/sc5496/domestic_traffic_ads/pdf/18390125acda1.pdf,,,"BOYS WANTED--3 or 4 negro Boys wanted
immediately to open Oysters. Apply at the
Intelligence Office, No. 16 Holliday street.",3-4 boys wanted; does not specify slave or free.,18390125,,private_dealer,,,MD,,,,American and Commercial Daily Advertiser,,BC,,,No. 16 Holliday Street,MD
18390618,For Sale for a Term of Years,sell,under 10,Baltimore City,female,http://msa.maryland.gov/megafile/msa/speccol/sc5400/sc5496/domestic_traffic_ads/pdf/18390618acda2.pdf,,,"FOR SALE FOR A TERM OF YEARS—
A Negro Girl about 9 years of age, to serve until
she is 40 years old, she is a very likely. Apply immediately at the Real Estate Agency office. No. 16 Holliday street.
ALSO FOR SALE. For a term of years a NEGRO MAN, 25 years of age, to serve about 4 years,
he is a very stout and healthy man, and is a good farm
hand. Apply as above, No. 16 Holliday street.
je 18 4t TP",,18390618,,private_dealer,,,MD,,,,American and Commercial Daily Advertiser,,BC,,,No. 16 Holliday Street,MD
18400201,Negroes Wanted,buy,,,both,http://msa.maryland.gov/megafile/msa/speccol/sc5400/sc5496/domestic_traffic_ads/pdf/18400201acda1.pdf,,,"NEGROES WANTED—Wanted to purchase
for a term of years, to work on a farm about 12
miles from Baltimore, three YOUNG NEGROES—
two boys and a girl—for whom a fair price will be
given. The situation of the farm is healthy, and they
will meet with good usage. Inquire at this office.
fe 1 4t","2 men, 1 woman wanted",18400201,,private,,,,farmer,,,American and Commercial Daily Advertiser,,,,,,MD
18401019,For Sale,sell,28,,M,http://msa.maryland.gov/megafile/msa/speccol/sc5400/sc5496/domestic_traffic_ads/pdf/18401019acda1.pdf,,,"FOR SALE—A likely negro MAN about 28
years of age—of good character, he is a good
Ostler, waiter, porter or farm hand; and is sold without fault. Preference will be given to persons living
in the State. For particulars enquire at this office.
oc 19 4t*",,18401019,,private,,,MD,"domestic, farmer",,,American and Commercial Daily Advertiser,,,,,,MD
18420416,A House Servant for Sale,sell,22,Baltimore City,female,http://msa.maryland.gov/megafile/msa/speccol/sc5400/sc5496/domestic_traffic_ads/pdf/18420416acda.pdf,,,"A HOUSE SERVANT FOR SALE—A Woman about 22 years of age, has eleven years to
serve and is a good house servant and cook, very obliging and of a cheerful and amiable disposition. The
woman is from the country and has lived in town but
a few months. She has a female child about 8 months
old, which will be sold with the mother for the term of
twenty one years. Enquire at this office.
ap 16 P d",8 month old child (female) sold as well,18420416,,private_dealer,BC,,MD,domestics,,,American Commercial & Daily Advertiser,,,,,,MD
18430523,Negroes Wanted.,Purchase,,Talbot,,http://msa.maryland.gov/megafile/msa/speccol/sc5400/sc5496/domestic_traffic_ads/pdf/18430919es3b.pdf,,ERROR,,"Wishes to purchase negroes. Has a large and secure jail, and well receive negroes that are for sale. Ad repeated for 1 year.",18430523,,public_dealer,,,Maryland,,,,Easton Star,4,BC,B.M.,Campbell,,Maryland
18440102,Sheriff's Sale.,Sale,,Talbot,,http://msa.maryland.gov/megafile/msa/speccol/sc5400/sc5496/domestic_traffic_ads/pdf/18440109es2.pdf,,,"Administrator's Sale of
VALUABLE NEGROES,
BY virtue of an order of the Orphans' Court of Talbot county, the subscriber will offer at public sale to the highest bidder at the front door of the Court House in the town of Easton, between the hours of 10 and 4 o'clock on Tuesday the 23d of January inst., the following Negroes belonging to the estate of Dr. James P. Dickinson, deceased, to wit: ISAAC, aged about 22 years, GARRISON, about 21, SAMUEL, about 11, HORACE, about 11, NED, about 9, MARIA, about 35, ELLEN, about 23, and FRANCIS, about 12 years of age, all slaves for life; and ALLEN, about 27 years of age, having four years to serve.
Terms of sale--a credit of six months, the purchaser giving bond and approved security before the removal of the property purchased. 
WM. H. DOWNES, administrators
of Dr. J. P. Dickinson, deceased
Jan. 9","All negroes are sold subject to a prior mortgage executed by Absalom Thompson in his lifetime to John Harrington and William Townsend on April 7, 1842. Seized and taken as the property of Thompson to satisfy debts.",18440102,18440123,public_dealer,Talbot,"Front of Court House, Easton",Maryland,Both to serve for life.,"Eliza's two children, names not known.",,Easton Star,3,TA,Jesse,"Scott, Late Sheriff",,Maryland
18440709,Constable's Sale.,Sale,,Talbot,Female,http://msa.maryland.gov/megafile/msa/speccol/sc5400/sc5496/domestic_traffic_ads/pdf/18440709es2b.pdf,,ERROR,,"H. Austin, Constable, was in attendance for sale. Nabb was to sell to satisfy writs and costs.",18440709,18440730,public_dealer,Talbot,"Front of Court House, Easton",Maryland,,Clementine,,Easton Star,3,TA,Edward H.,Nabb,,Maryland
18450120,For Sale,sell,,,female,http://msa.maryland.gov/megafile/msa/speccol/sc5400/sc5496/domestic_traffic_ads/pdf/18450120acda1.pdf,,,"FOR SALE—A young BLACK WOMAN, good
Cook, Washer and Ironer, to serve 14 years.
Apply at No. 12 N. Frederick street. 
ja 20 3t",14 years remaining to serve,18450120,,private_dealer,,,MD,domestics,,,American and Commercial Daily Advertiser,,,,,12 N. Frederick St.,MD
18450915,Trustee's Sale of Negroes,sell,under 10,Baltimore City,female,http://msa.maryland.gov/megafile/msa/speccol/sc5400/sc5496/domestic_traffic_ads/pdf/18450915acda1.pdf,,,"TRUSTEE’S SALE OE NEGROES—The undersigned, permanent Trustee of Elisha Dimmitt, an insolvent debtor, will offer for sale at public
auction, at the auction rooms of Wm. Ward, No. 22
S. Charles street, on SATURDAY, the 20th inst., at
10 o’clock, A. M.;TWO NEGRO GIRLS, slaves for
life aged about 7 and 9 years. They may be seen at
any time before the day of sale, by calling at the
Counting Room of the subscriber, in LIGHT ST., near Pratt.
Terms of sale are cash at the option of the purchaser,
or a credit of five months, with interest and security
approved by the Trustee.
JOHN KERRY, Permanent Trustee.
ORVILLE HORWITZ, Attorney.
se 10 eo5t ","2 girls for sale ; formerly the property of Elisha Dimmitt, an insolvent debtor",18450915,18450920,estate_sale,BC,22 S. Charles St.,MD,,,,American and Commercial Daily Advertiser,,BC,John,Ferry,Light St.,MD
18451230,Sheriff's Sale.,Sale,,Talbot,Male,http://msa.maryland.gov/megafile/msa/speccol/sc5400/sc5496/domestic_traffic_ads/pdf/18451230es5.pdf,,ERROR (7 occurrences),,"N.E. Nicols, Shff. posted the ad.",18451230,18460121,public_dealer,Talbot,Court House in Easton,Maryland,,Jim,,Easton Star,3,TA,Henry,Catrup,,Maryland
18460917,Wanted to Hire,buy,18-Nov,Baltimore City,male,http://msa.maryland.gov/megafile/msa/speccol/sc5400/sc5496/domestic_traffic_ads/pdf/18460917acda1.pdf,,ERROR,,,18460917,,private_dealer,,,MD,domestics,,,American and Commercial Daily Advertiser,,BC,,"Pendleton, Riely, + Co.",277 Baltimore St.,MD
18470313,Wanted to Hire,buy,,Baltimore City,,http://msa.maryland.gov/megafile/msa/speccol/sc5400/sc5496/domestic_traffic_ads/pdf/18470322acda2.pdf,,,"WANTED TO HIRE BY THE YEAR—A Gardener, a Blacksmith and three food negro hands as slaves, for a farm on the York Road. Apply to
THOMAS J. GOTT, No. 16 Fayette,
one door West of North street.
FARMS FOR SALE—A valuable Farm of
215 acres, about 20 miles on the Susq. Railroad,
with good buildings; one of three hundred acres
of home stone land, on Long Green; one of 250 acres, in Harford Co.; one of 119 acres on Elk Ridge, with
large brick improvements price $7,000. A Farm of 56 acres; a Farm of 72 acres, for $2000 about 5 miles from the city; a Farm of 72 acres, near and north of the city; a lot of 54 acres near the city limits, with 2 frame houses; also a Farm of 80 acres for $3000. Apply as above.
mh 13",,18470322,,private_dealer,,,MD,domestics,,,American and Commercial Daily Advertiser,,BC,Thomas J.,Gott,No. 26 Fayette Street,MD
18471001,For Sale,sell,31 - 50,Baltimore City,female,http://msa.maryland.gov/megafile/msa/speccol/sc5400/sc5496/domestic_traffic_ads/pdf/18471001acda1.pdf,,,"FOR SALE—A colored woman, a first rate cook,
washer and ironer, about 45 years age; she will be allowed to go out of the State. Apply at No. 139 Pratt st. opposite Baltimore & Ohio Rail Road Depot.
4t oc 1",,18471001,,private_dealer,,,MD,domestics,,,American and Commercial Daily Advertiser,,BC,,,No. 139 Pratt Street,MD
18480721,Public Sale,Sell,10,Frederick,M,http://msa.maryland.gov/megafile/msa/speccol/sc5400/sc5496/domestic_traffic_ads/pdf/18480721rc1.pdf,,,"Public Sale
The subscriber, having sold his Farm, will sell at public sale, at his residence, located near Ullen Mills, and 11 miles North of Frederick, on the road leading from Fredrick to Manuteburg, and 4 miles from Cresgentown, on Friday the 9th day a at nine o'clock A.M., the following property to wit:
1 NEGRO BOY
slave for life, and about 10 years of age, and will not be sold to a trader, and also
WORK HORSES
2 of them large Dapple Grays and the others a Black Stag; 3 firstrate Milch Cows, nine head of fattening hogs, 1 brood mare with Pigs; 2 narrow tread Wagons, one to four horse end and other a two horse Wagon, with Head; one pair of Wood Ladders, 1 bale of Bark Ladders, 1 Hay Carriage, one Cart, 1 Buggy, one Omnibus and Harness, 1 horse Sleigh,
1 Threshing Machine
4 horse power (Pampel's maker) two Wheel Fans, on Wheat , 1 Cutting Box, 3 of first-rate Wagon Harness, 1 first-rate stet of Bells, 1 set of Plough Gears, 6 head Halters, 4 Cow Chains, 1 Jack horse, 3 these horse Brasheer Ploughs, 4 two horse Ploughs, 4 one horse Ploughs, 3 double Shorel Ploughs, 2 single do, 2 Harrows, 1 three horse and 2 two horse; 2 Wheelbarrows, 2 first-rate Grind , two Leg Chairs, two pale of Street, two fifth chains, 2 three horse Plough Double Tears, 1 two herse do., 4 Grain cradles, four mowing Scythes, and about 10 tons of good Timothy Hey, Bale by the bushel, 1 corn Shellup, one 1 horse Rake, Rakes, forks, Shovels & Homee Mattock and Plak, three cross-cut Haws, 20 rags, a lot of carpenter's tools, 1000 mill gos, a large lot of old iron, a lot of hawed lumber, from 1 to 4 inches; and a large lot of Slabs, a lot of Locus Stakes and Chestnut Rails.
ALSO,
Household & Kitchen Furniture, 
such as 1 Brass Clock 1 Wardrobe, 2 Bureaus, Tables, Chairs, Beds, and Bedding, Carpentry, 2 Hares and Pipe, 1 Cooking Stove, Three cupboards, 4 barrels of Vinegar, a lot of Bacon, Tube, Barrels, and many other articles too numerous to mention.
TERMS OF SALE--On all sums above $5, a credit of six months will be given, the purchaser giving his note with approved security, hearing interest from all sales, all sums of $ and under, the cash will be required.
No property to be removed until the terms of sale are complied with.
GEORGE LAYMAN
Joshua Dill, Auctioneer
July 21-3t",slave for life; not to be sold to trader,18480721,18480809,public,FR,Utica Mills,MD,,,,Republican Citizen,3,FR,George,Layman,Utica Mills,MD
18490830,Wanted,Buy,14,,Male,http://msa.maryland.gov/megafile/msa/speccol/sc5400/sc5496/domestic_traffic_ads/pdf/18490901acda1.pdf,,ERROR,,Housework in a small family,18490901,,Private,,,,Waiting,,,ACDA,,,,,44 Lexington Street,MD
18500306,Eastern Shore Cooks For Sale,Sale,,Baltimore,F,http://msa.maryland.gov/megafile/msa/speccol/sc5400/sc5496/domestic_traffic_ads/pdf/18500306acda.pdf,,,"EASTERN SHORE COOKS FOR SALE, slaves for life and term of years. Three women, one equal
as a cook to any servant in the county she is from; the other
two very good; also, two likely boys, 14 and 15 years old,
one a first-rate house boy, the other a farm hand. They
are all sober and believed to be honest servants—raised in
the best of families—sold without fault. Apply at No. 18
S. Frederick near Second Street.
mh 6—2t?",,18500306,,Private,,,,cook,,,American and Commercial Daily Advertiser,,BA,,,BC,MD
18510324,For Hire,sell,16,Baltimore,female,http://msa.maryland.gov/megafile/msa/speccol/sc5400/sc5496/domestic_traffic_ads/pdf/18510327acda04.pdf,,,"FOR HIRE--A very fine SERVANT GIRL, a slave who can be highly recommended; aged 16 years Apply to THOMAS J. TULL
No. 3 Ellicott St.
3d door N. of Pratt St.
mh 24-4t*",p.3 for rent,18510327,,private_dealer,BA,,MD,Servant,,,American Commercial and Daily Advertiser,,BA,Thomas J.,Tull,No. 3 Ellicott Street,MD
18520409,Colored Servant Man or Boy Wanted,buy,,,M,http://msa.maryland.gov/megafile/msa/speccol/sc5400/sc5496/domestic_traffic_ads/pdf/18520409acda1.pdf,,,"COLORED SERVANT MAN OR BOY WANTED—One who can come well recommended, and understands
 well how to attend Horse and Carriage, and as a
waiter in a house; a slave preferred. Address Box No
455, Post office	
ap 9",slave preferred,18520409,,private,,,,domestic,,,American and Commercial Daily Advertiser,,,,,P.O. Box 455,MD
18530519,Negroes for Sale,sell,,,both,http://msa.maryland.gov/megafile/msa/speccol/sc5400/sc5496/domestic_traffic_ads/pdf/18530520acda1.pdf,,,"NEGROES FOR SALE, Slaves for Life and Term of years from the Eastern Shore. Two women, one
slave for Life, the other term of years, an excellent
cook, washer, ironer and milker. A girl 11 years old, a
good nurse; a middled aged man slave for life, a good
farm hand; also two very likely boys to serve for a term
or years. They are all believed to be orderly, honest, well
disposed servants, directly from the country and have no
city acquaintances; sold for want of money only and not
fault; they will be sold very low to good homes. Apply
to 18 South Frederick, near Second street, Baltimore.
ma19 2t?","5 women, 2 men, slaves for life",18530520,,private_dealer,,,MD,,,,American and Commercial Daily Advertiser,,,,,18 S. Frederick St.,MD
18540513,Cook for Sale,sell,18 months,,female,http://msa.maryland.gov/megafile/msa/speccol/sc5400/sc5496/domestic_traffic_ads/pdf/18540513acda1.pdf,,,"COOK FOR SALE—A COLORED WOMAN, about
35 years of age. with a child 18 months old. She is a
superior cook, and has been employed as such over 10 years
with the family of her owner. Address “OWNER OF
COOK"" through Post Office, to which prompt attention will
be given.
m13-4t",,18540513,,,,,MD,,,,American and Commercial Daily Advertiser,,,,,,MD
18551110,For Sale,Sell,19,Baltimore City,Female,http://msa.maryland.gov/megafile/msa/speccol/sc5400/sc5496/domestic_traffic_ads/pdf/18551110baca1.pdf,,,"FOR SALE—A VERY COMPETENT AND LIKELY COLORED WOMAN, for a term of years. She
is an excellent cook and is accustomed to doing house
work generally; aged 19 years; to serve till 30 years. Apply at No. 145 EXETER STREET, near Gay.
n10-3*","""‚Ä¶to serve until 30 years old""",18551110,,Private,BC,#145 Exeter Street,MD,cook; housework,,,Baltimore American and Commercial Advertiser,2,,,,,
18561213,Public Sale of Valuable Negroes,Sale,14,Talbot,Female,http://msa.maryland.gov/megafile/msa/speccol/sc5400/sc5496/domestic_traffic_ads/pdf/18561213eg1.pdf,,ERROR (8 occurrences),,,18561213,18561222,public_dealer,Dorchester County,Court House in Cambridge,Maryland,,Maria,,Easton Gazette,2,DO,J. Thomas,Travers,,Maryland
18571021,For Sale,Sale,,Dorchester,Male,http://msa.maryland.gov/megafile/msa/speccol/sc5400/sc5496/domestic_traffic_ads/pdf/18571021cd3.pdf,,ERROR,,"Valuable negro man, to be sold at private sale and in county.",18571014,,public_dealer,Dorchester,,Maryland,Slave for life.,,,Cambridge Democrat,2,DO,,"Goldsborough & Henry, Agents",,Maryland
18590509,Notice,Sale,23,,Male,http://msa.maryland.gov/megafile/msa/speccol/sc5400/sc5496/domestic_traffic_ads/pdf/18590512acda1.pdf,,ERROR (2 occurrences),,Alonza; mulatto,18590512,18590513,Public,,Maryland Penitentiary,MD,servant,,,ACDA,,,A.D,Evans,Maryland Penitentiary,MD
18640227,Wanted to Hire,purchase,14-16,Kent,Male,http://msa.maryland.gov/megafile/msa/speccol/sc5400/sc5496/domestic_traffic_ads/pdf/18640227kn2.pdf,,ERROR (2 occurrences),,,18640227,,public_dealer,,,,To attend to horse and run errands.,,,Kent News,2,,,,,
